{"count":1,"self":92.01731199999999,"total":122.0789949,"children":{"InitializeActuators":{"count":100,"self":0.0009976,"total":0.0009976,"children":null},"InitializeSensors":{"count":100,"self":0.0049872,"total":0.0049872,"children":null},"AgentSendState":{"count":5448,"self":0.6993085,"total":1.3330956,"children":{"CollectObservations":{"count":55100,"self":0.0542922,"total":0.0542922,"children":null},"WriteActionMask":{"count":55100,"self":0.0264714,"total":0.0264714,"children":null},"RequestDecision":{"count":55100,"self":0.091184,"total":0.5530235,"children":{"AgentInfo.ToProto":{"count":55100,"self":0.0998405,"total":0.46183949999999996,"children":{"GenerateSensorData":{"count":55100,"self":0.29696849999999997,"total":0.36199899999999996,"children":{"RayPerceptionSensor.Perceive":{"count":55100,"self":0.065030499999999991,"total":0.065030499999999991,"children":null}}}}}}}}},"DecideAction":{"count":5448,"self":28.4773568,"total":28.4773577,"children":null},"AgentAct":{"count":5448,"self":0.24424569999999998,"total":0.24424569999999998,"children":null}},"gauges":{},"metadata":{"timer_format_version":"0.1.0","start_time_seconds":"1700816492","unity_version":"2021.3.30f1","command_line_arguments":"C:\\Users\\sergi\\Escritorio\\Sergio\\DronesDeChoque\\Carrera\\Carrera.exe --mlagents-port 5005","communication_protocol_version":"1.5.0","com.unity.ml-agents_version":"2.0.1","scene_name":"Carrera Entreno","end_time_seconds":"1700816614"}}