{"count":1,"self":82.54698239999999,"total":178.1912803,"children":{"InitializeActuators":{"count":100,"self":0.0010008999999999999,"total":0.0010008999999999999,"children":null},"InitializeSensors":{"count":100,"self":0.0049873999999999995,"total":0.0049873999999999995,"children":null},"AgentSendState":{"count":8290,"self":23.6758608,"total":30.108681699999998,"children":{"CollectObservations":{"count":166200,"self":0.1940767,"total":0.1940767,"children":null},"WriteActionMask":{"count":166200,"self":0.0875716,"total":0.0875716,"children":null},"RequestDecision":{"count":166200,"self":0.1806635,"total":6.1511726,"children":{"AgentInfo.ToProto":{"count":166200,"self":0.1930625,"total":5.9705091,"children":{"GenerateSensorData":{"count":166200,"self":4.5982132,"total":5.7774465999999993,"children":{"RayPerceptionSensor.Perceive":{"count":1329600,"self":1.1792334,"total":1.1792334,"children":null}}}}}}}}},"DecideAction":{"count":8290,"self":64.7155904,"total":64.7155895,"children":null},"AgentAct":{"count":8290,"self":0.8120464,"total":0.8120464,"children":null}},"gauges":{},"metadata":{"timer_format_version":"0.1.0","start_time_seconds":"1700221945","unity_version":"2021.3.30f1","command_line_arguments":"C:\\TFG\\EdificioEntreno\\EdificioEntreno.exe --mlagents-port 5005","communication_protocol_version":"1.5.0","com.unity.ml-agents_version":"2.0.1","scene_name":"Edificio Entreno","end_time_seconds":"1700222124"}}