{"count":1,"self":3.561902,"total":186.14569039999998,"children":{"InitializeActuators":{"count":1,"self":0.0009979,"total":0.0009979,"children":null},"InitializeSensors":{"count":1,"self":0.0040348,"total":0.0040348,"children":null},"AgentSendState":{"count":8331,"self":0.20626719999999998,"total":99.3974514,"children":{"CollectObservations":{"count":1667,"self":0.0017040999999999998,"total":0.0017040999999999998,"children":null},"WriteActionMask":{"count":1667,"self":0.0014651999999999998,"total":0.0014651999999999998,"children":null},"RequestDecision":{"count":1667,"self":0.0040361,"total":99.1880149,"children":{"AgentInfo.ToProto":{"count":1667,"self":0.0087926999999999988,"total":99.183978799999991,"children":{"GenerateSensorData":{"count":1667,"self":4.6727484,"total":99.175186099999991,"children":{"CameraSensor.GetCompressedObservation":{"count":1667,"self":94.4759296,"total":94.4759327,"children":null},"RayPerceptionSensor.Perceive":{"count":13336,"self":0.0265051,"total":0.0265051,"children":null}}}}}}}}},"DecideAction":{"count":8331,"self":83.135424,"total":83.1354238,"children":null},"AgentAct":{"count":8331,"self":0.044881199999999996,"total":0.044881199999999996,"children":null}},"gauges":{},"metadata":{"timer_format_version":"0.1.0","start_time_seconds":"1676621919","unity_version":"2021.3.10f1","command_line_arguments":"C:\\TFG\\DronPruebas\\DronPruebas.exe --mlagents-port 5005","communication_protocol_version":"1.5.0","com.unity.ml-agents_version":"2.0.1","scene_name":"Escena","end_time_seconds":"1676622105"}}

