{"count":1,"self":289.71322879999997,"total":1285.2860758,"children":{"InitializeActuators":{"count":100,"self":0.0050006999999999994,"total":0.0050006999999999994,"children":null},"InitializeSensors":{"count":100,"self":0.0030003,"total":0.0030003,"children":null},"AgentSendState":{"count":52592,"self":168.611328,"total":209.54591299999998,"children":{"CollectObservations":{"count":1052800,"self":1.3186202,"total":1.3186202,"children":null},"WriteActionMask":{"count":1052800,"self":0.63490839999999993,"total":0.63490839999999993,"children":null},"RequestDecision":{"count":1052800,"self":1.6987986,"total":38.9810602,"children":{"AgentInfo.ToProto":{"count":1052800,"self":1.8574536,"total":37.2822616,"children":{"GenerateSensorData":{"count":1052800,"self":26.4627792,"total":35.4248081,"children":{"RayPerceptionSensor.Perceive":{"count":8422400,"self":8.9620287999999988,"total":8.9620289,"children":null}}}}}}}}},"DecideAction":{"count":52592,"self":779.9847936,"total":779.9847982,"children":null},"AgentAct":{"count":52592,"self":6.031142,"total":6.031142,"children":null}},"gauges":{},"metadata":{"timer_format_version":"0.1.0","start_time_seconds":"1685040768","unity_version":"2021.3.10f1","command_line_arguments":"C:\\TFG\\CircuitoEntreno\\CircuitoEntreno.exe --mlagents-port 5005","communication_protocol_version":"1.5.0","com.unity.ml-agents_version":"2.0.1","scene_name":"Circuito Entreno","end_time_seconds":"1685042053"}}